username,password,role
rajini,f37bc7b83b7854374557cf3390bd98aad6e145570b5bae486d78141da6f06d60,User
raghu,3e76201b9c1c91fe3d00d09881f0329f30360c1ef6b1ce752a5dd0ebb450487e,Admin
raghu1,3e76201b9c1c91fe3d00d09881f0329f30360c1ef6b1ce752a5dd0ebb450487e,User
aasg,479aadc488322b18657e5895560668b73c5f7515db48984807b6a1efdcb2bbde,User
raghu123,4ac79525f08f5b508704fc7ec16933217e63684e5316e7a6357420b33ae71868,Admin
anjili,479aadc488322b18657e5895560668b73c5f7515db48984807b6a1efdcb2bbde,User
geetha,479aadc488322b18657e5895560668b73c5f7515db48984807b6a1efdcb2bbde,Admin
QQQQ,ccf3ba9bbd0dd3030227ee243436ea226da5333138abf7a1e81cb7aa1bd87208,User
sdfv,5a88c69074d0feb8277412e0deee9f1ea8759ed84a818969d4eb608ede1420f5,Admin
